{"__symbolic":"module","metadata":{"Lexer":{"__symbolic":"class","decorators":[{"__symbolic":"call","expression":{"__symbolic":"reference","name":"Injectable","module":"@angular/core"}}]},"EOF":{"__symbolic":"new","expression":{"__symbolic":"reference","name":"Token"},"arguments":[-1,{"__symbolic":"select","expression":{"__symbolic":"reference","name":"TokenType"},"member":"Character"},0,""]},"$EOF":0,"$TAB":9,"$LF":10,"$VTAB":11,"$FF":12,"$CR":13,"$SPACE":32,"$BANG":33,"$DQ":34,"$HASH":35,"$$":36,"$PERCENT":37,"$AMPERSAND":38,"$SQ":39,"$LPAREN":40,"$RPAREN":41,"$STAR":42,"$PLUS":43,"$COMMA":44,"$MINUS":45,"$PERIOD":46,"$SLASH":47,"$COLON":58,"$SEMICOLON":59,"$LT":60,"$EQ":61,"$GT":62,"$QUESTION":63,"$LBRACKET":91,"$BACKSLASH":92,"$RBRACKET":93,"$BT":96,"$LBRACE":123,"$BAR":124,"$RBRACE":125}}