{"__symbolic":"module","metadata":{"FORM_DIRECTIVES":[{"__symbolic":"reference","name":"NgControlName","module":"./directives/ng_control_name"},{"__symbolic":"reference","name":"NgControlGroup","module":"./directives/ng_control_group"},{"__symbolic":"reference","name":"NgFormControl","module":"./directives/ng_form_control"},{"__symbolic":"reference","name":"NgModel","module":"./directives/ng_model"},{"__symbolic":"reference","name":"NgFormModel","module":"./directives/ng_form_model"},{"__symbolic":"reference","name":"NgForm","module":"./directives/ng_form"},{"__symbolic":"reference","name":"NgSelectOption","module":"./directives/select_control_value_accessor"},{"__symbolic":"reference","name":"DefaultValueAccessor","module":"./directives/default_value_accessor"},{"__symbolic":"reference","name":"NumberValueAccessor","module":"./directives/number_value_accessor"},{"__symbolic":"reference","name":"CheckboxControlValueAccessor","module":"./directives/checkbox_value_accessor"},{"__symbolic":"reference","name":"SelectControlValueAccessor","module":"./directives/select_control_value_accessor"},{"__symbolic":"reference","name":"RadioControlValueAccessor","module":"./directives/radio_control_value_accessor"},{"__symbolic":"reference","name":"NgControlStatus","module":"./directives/ng_control_status"},{"__symbolic":"reference","name":"RequiredValidator","module":"./directives/validators"},{"__symbolic":"reference","name":"MinLengthValidator","module":"./directives/validators"},{"__symbolic":"reference","name":"MaxLengthValidator","module":"./directives/validators"},{"__symbolic":"reference","name":"PatternValidator","module":"./directives/validators"}]}}