{"__symbolic":"module","metadata":{"COMPILER_PROVIDERS":[{"__symbolic":"reference","name":"Lexer","module":"./expression_parser/lexer"},{"__symbolic":"reference","name":"Parser","module":"./expression_parser/parser"},{"__symbolic":"reference","name":"HtmlParser","module":"./html_parser"},{"__symbolic":"reference","name":"TemplateParser","module":"./template_parser"},{"__symbolic":"reference","name":"DirectiveNormalizer","module":"./directive_normalizer"},{"__symbolic":"reference","name":"CompileMetadataResolver","module":"./metadata_resolver"},{"__symbolic":"reference","name":"DEFAULT_PACKAGE_URL_PROVIDER","module":"./url_resolver"},{"__symbolic":"reference","name":"StyleCompiler","module":"./style_compiler"},{"__symbolic":"reference","name":"ViewCompiler","module":"./view_compiler/view_compiler"},{"provide":{"__symbolic":"reference","name":"CompilerConfig","module":"./config"},"useFactory":{"__symbolic":"reference","name":"_createCompilerConfig"},"deps":[]},{"__symbolic":"reference","name":"RuntimeCompiler","module":"./runtime_compiler"},{"provide":{"__symbolic":"reference","name":"ComponentResolver","module":"@angular/core"},"useExisting":{"__symbolic":"reference","name":"RuntimeCompiler","module":"./runtime_compiler"}},{"__symbolic":"reference","name":"DomElementSchemaRegistry","module":"./schema/dom_element_schema_registry"},{"provide":{"__symbolic":"reference","name":"ElementSchemaRegistry","module":"./schema/element_schema_registry"},"useExisting":{"__symbolic":"reference","name":"DomElementSchemaRegistry","module":"./schema/dom_element_schema_registry"}},{"__symbolic":"reference","name":"UrlResolver","module":"./url_resolver"},{"__symbolic":"reference","name":"ViewResolver","module":"./view_resolver"},{"__symbolic":"reference","name":"DirectiveResolver","module":"./directive_resolver"},{"__symbolic":"reference","name":"PipeResolver","module":"./pipe_resolver"}]}}