{"__symbolic":"module","metadata":{"DirectiveResolver":{"__symbolic":"class","decorators":[{"__symbolic":"call","expression":{"__symbolic":"reference","name":"Injectable","module":"@angular/core"}}],"members":{"__ctor__":[{"__symbolic":"constructor","parameters":[{"__symbolic":"reference","name":"ReflectorReader","module":"../core_private"}]}]}},"CODEGEN_DIRECTIVE_RESOLVER":{"__symbolic":"new","expression":{"__symbolic":"reference","name":"DirectiveResolver"},"arguments":[{"__symbolic":"reference","name":"reflector","module":"@angular/core"}]}}}