{"__symbolic":"module","metadata":{"CompileMetadataResolver":{"__symbolic":"class","decorators":[{"__symbolic":"call","expression":{"__symbolic":"reference","name":"Injectable","module":"@angular/core"}}],"members":{"__ctor__":[{"__symbolic":"constructor","parameterDecorators":[null,null,null,[{"__symbolic":"call","expression":{"__symbolic":"reference","name":"Optional","module":"@angular/core"}},{"__symbolic":"call","expression":{"__symbolic":"reference","name":"Inject","module":"@angular/core"},"arguments":[{"__symbolic":"reference","name":"PLATFORM_DIRECTIVES","module":"@angular/core"}]}],[{"__symbolic":"call","expression":{"__symbolic":"reference","name":"Optional","module":"@angular/core"}},{"__symbolic":"call","expression":{"__symbolic":"reference","name":"Inject","module":"@angular/core"},"arguments":[{"__symbolic":"reference","name":"PLATFORM_PIPES","module":"@angular/core"}]}],null],"parameters":[{"__symbolic":"reference","name":"DirectiveResolver","module":"./directive_resolver"},{"__symbolic":"reference","name":"PipeResolver","module":"./pipe_resolver"},{"__symbolic":"reference","name":"ViewResolver","module":"./view_resolver"},{"__symbolic":"reference","name":"Array"},{"__symbolic":"reference","name":"Array"},{"__symbolic":"reference","name":"ReflectorReader","module":"../core_private"}]}]}}}}