{"__symbolic":"module","metadata":{"RuntimeCompiler":{"__symbolic":"class","decorators":[{"__symbolic":"call","expression":{"__symbolic":"reference","name":"Injectable","module":"@angular/core"}}],"members":{"__ctor__":[{"__symbolic":"constructor","parameters":[{"__symbolic":"reference","name":"CompileMetadataResolver","module":"./metadata_resolver"},{"__symbolic":"reference","name":"DirectiveNormalizer","module":"./directive_normalizer"},{"__symbolic":"reference","name":"TemplateParser","module":"./template_parser"},{"__symbolic":"reference","name":"StyleCompiler","module":"./style_compiler"},{"__symbolic":"reference","name":"ViewCompiler","module":"./view_compiler/view_compiler"},{"__symbolic":"reference","name":"XHR","module":"./xhr"},{"__symbolic":"reference","name":"CompilerConfig","module":"./config"}]}]}}}}