{"__symbolic":"module","metadata":{"TEMPLATE_TRANSFORMS":{"__symbolic":"new","expression":{"__symbolic":"reference","name":"OpaqueToken","module":"@angular/core"},"arguments":["TemplateTransforms"]},"TemplateParser":{"__symbolic":"class","decorators":[{"__symbolic":"call","expression":{"__symbolic":"reference","name":"Injectable","module":"@angular/core"}}],"members":{"__ctor__":[{"__symbolic":"constructor","parameterDecorators":[null,null,null,null,[{"__symbolic":"call","expression":{"__symbolic":"reference","name":"Optional","module":"@angular/core"}},{"__symbolic":"call","expression":{"__symbolic":"reference","name":"Inject","module":"@angular/core"},"arguments":[{"__symbolic":"reference","name":"TEMPLATE_TRANSFORMS"}]}]],"parameters":[{"__symbolic":"reference","name":"Parser","module":"./expression_parser/parser"},{"__symbolic":"reference","name":"ElementSchemaRegistry","module":"./schema/element_schema_registry"},{"__symbolic":"reference","name":"HtmlParser","module":"./html_parser"},{"__symbolic":"reference","name":"Console","module":"../core_private"},{"__symbolic":"reference","name":"Array"}]}]}}}}