{"__symbolic":"module","metadata":{"DEFAULT_PACKAGE_URL_PROVIDER":{"provide":{"__symbolic":"reference","name":"PACKAGE_ROOT_URL","module":"@angular/core"},"useValue":"/"},"UrlResolver":{"__symbolic":"class","decorators":[{"__symbolic":"call","expression":{"__symbolic":"reference","name":"Injectable","module":"@angular/core"}}],"members":{"__ctor__":[{"__symbolic":"constructor","parameterDecorators":[[{"__symbolic":"call","expression":{"__symbolic":"reference","name":"Inject","module":"@angular/core"},"arguments":[{"__symbolic":"reference","name":"PACKAGE_ROOT_URL","module":"@angular/core"}]}]],"parameters":[null]}]}}}}