{"__symbolic":"module","metadata":{"CHECKBOX_VALUE_ACCESSOR":{"provide":{"__symbolic":"reference","name":"NG_VALUE_ACCESSOR","module":"./control_value_accessor"},"useExisting":{"__symbolic":"reference","name":"CheckboxControlValueAccessor"},"multi":true},"CheckboxControlValueAccessor":{"__symbolic":"class","decorators":[{"__symbolic":"call","expression":{"__symbolic":"reference","name":"Directive","module":"@angular/core"},"arguments":[{"selector":"input[type=checkbox][ngControl],input[type=checkbox][ngFormControl],input[type=checkbox][ngModel]","host":{"(change)":"onChange($event.target.checked)","(blur)":"onTouched()"},"providers":[{"__symbolic":"reference","name":"CHECKBOX_VALUE_ACCESSOR"}]}]}],"members":{"__ctor__":[{"__symbolic":"constructor","parameters":[{"__symbolic":"reference","name":"Renderer","module":"@angular/core"},{"__symbolic":"reference","name":"ElementRef","module":"@angular/core"}]}]}}}}