{"__symbolic":"module","metadata":{"DEFAULT_VALUE_ACCESSOR":{"provide":{"__symbolic":"reference","name":"NG_VALUE_ACCESSOR","module":"./control_value_accessor"},"useExisting":{"__symbolic":"reference","name":"DefaultValueAccessor"},"multi":true},"DefaultValueAccessor":{"__symbolic":"class","decorators":[{"__symbolic":"call","expression":{"__symbolic":"reference","name":"Directive","module":"@angular/core"},"arguments":[{"selector":"input:not([type=checkbox])[ngControl],textarea[ngControl],input:not([type=checkbox])[ngFormControl],textarea[ngFormControl],input:not([type=checkbox])[ngModel],textarea[ngModel],[ngDefaultControl]","host":{"(input)":"onChange($event.target.value)","(blur)":"onTouched()"},"bindings":[{"__symbolic":"reference","name":"DEFAULT_VALUE_ACCESSOR"}]}]}],"members":{"__ctor__":[{"__symbolic":"constructor","parameters":[{"__symbolic":"reference","name":"Renderer","module":"@angular/core"},{"__symbolic":"reference","name":"ElementRef","module":"@angular/core"}]}]}}}}