{"__symbolic":"module","metadata":{"controlNameBinding":{"provide":{"__symbolic":"reference","name":"NgControl","module":"./ng_control"},"useExisting":{"__symbolic":"reference","name":"NgControlName"}},"NgControlName":{"__symbolic":"class","decorators":[{"__symbolic":"call","expression":{"__symbolic":"reference","name":"Directive","module":"@angular/core"},"arguments":[{"selector":"[ngControl]","bindings":[{"__symbolic":"reference","name":"controlNameBinding"}],"inputs":["name: ngControl","model: ngModel"],"outputs":["update: ngModelChange"],"exportAs":"ngForm"}]}],"members":{"__ctor__":[{"__symbolic":"constructor","parameterDecorators":[[{"__symbolic":"call","expression":{"__symbolic":"reference","name":"Host","module":"@angular/core"}},{"__symbolic":"call","expression":{"__symbolic":"reference","name":"SkipSelf","module":"@angular/core"}}],[{"__symbolic":"call","expression":{"__symbolic":"reference","name":"Optional","module":"@angular/core"}},{"__symbolic":"call","expression":{"__symbolic":"reference","name":"Self","module":"@angular/core"}},{"__symbolic":"call","expression":{"__symbolic":"reference","name":"Inject","module":"@angular/core"},"arguments":[{"__symbolic":"reference","name":"NG_VALIDATORS","module":"../validators"}]}],[{"__symbolic":"call","expression":{"__symbolic":"reference","name":"Optional","module":"@angular/core"}},{"__symbolic":"call","expression":{"__symbolic":"reference","name":"Self","module":"@angular/core"}},{"__symbolic":"call","expression":{"__symbolic":"reference","name":"Inject","module":"@angular/core"},"arguments":[{"__symbolic":"reference","name":"NG_ASYNC_VALIDATORS","module":"../validators"}]}],[{"__symbolic":"call","expression":{"__symbolic":"reference","name":"Optional","module":"@angular/core"}},{"__symbolic":"call","expression":{"__symbolic":"reference","name":"Self","module":"@angular/core"}},{"__symbolic":"call","expression":{"__symbolic":"reference","name":"Inject","module":"@angular/core"},"arguments":[{"__symbolic":"reference","name":"NG_VALUE_ACCESSOR","module":"./control_value_accessor"}]}]],"parameters":[{"__symbolic":"reference","name":"ControlContainer","module":"./control_container"},{"__symbolic":"reference","name":"Array"},{"__symbolic":"reference","name":"Array"},{"__symbolic":"reference","name":"Array"}]}]}}}}