{"__symbolic":"module","metadata":{"NgControlStatus":{"__symbolic":"class","decorators":[{"__symbolic":"call","expression":{"__symbolic":"reference","name":"Directive","module":"@angular/core"},"arguments":[{"selector":"[ngControl],[ngModel],[ngFormControl]","host":{"[class.ng-untouched]":"ngClassUntouched","[class.ng-touched]":"ngClassTouched","[class.ng-pristine]":"ngClassPristine","[class.ng-dirty]":"ngClassDirty","[class.ng-valid]":"ngClassValid","[class.ng-invalid]":"ngClassInvalid"}}]}],"members":{"__ctor__":[{"__symbolic":"constructor","parameterDecorators":[[{"__symbolic":"call","expression":{"__symbolic":"reference","name":"Self","module":"@angular/core"}}]],"parameters":[{"__symbolic":"reference","name":"NgControl","module":"./ng_control"}]}]}}}}