{"__symbolic":"module","metadata":{"formDirectiveProvider":{"provide":{"__symbolic":"reference","name":"ControlContainer","module":"./control_container"},"useExisting":{"__symbolic":"reference","name":"NgForm"}},"NgForm":{"__symbolic":"class","decorators":[{"__symbolic":"call","expression":{"__symbolic":"reference","name":"Directive","module":"@angular/core"},"arguments":[{"selector":"form:not([ngNoForm]):not([ngFormModel]),ngForm,[ngForm]","bindings":[{"__symbolic":"reference","name":"formDirectiveProvider"}],"host":{"(submit)":"onSubmit()"},"outputs":["ngSubmit"],"exportAs":"ngForm"}]}],"members":{"__ctor__":[{"__symbolic":"constructor","parameterDecorators":[[{"__symbolic":"call","expression":{"__symbolic":"reference","name":"Optional","module":"@angular/core"}},{"__symbolic":"call","expression":{"__symbolic":"reference","name":"Self","module":"@angular/core"}},{"__symbolic":"call","expression":{"__symbolic":"reference","name":"Inject","module":"@angular/core"},"arguments":[{"__symbolic":"reference","name":"NG_VALIDATORS","module":"../validators"}]}],[{"__symbolic":"call","expression":{"__symbolic":"reference","name":"Optional","module":"@angular/core"}},{"__symbolic":"call","expression":{"__symbolic":"reference","name":"Self","module":"@angular/core"}},{"__symbolic":"call","expression":{"__symbolic":"reference","name":"Inject","module":"@angular/core"},"arguments":[{"__symbolic":"reference","name":"NG_ASYNC_VALIDATORS","module":"../validators"}]}]],"parameters":[{"__symbolic":"reference","name":"Array"},{"__symbolic":"reference","name":"Array"}]}]}}}}