{"__symbolic":"module","metadata":{"NUMBER_VALUE_ACCESSOR":{"provide":{"__symbolic":"reference","name":"NG_VALUE_ACCESSOR","module":"./control_value_accessor"},"useExisting":{"__symbolic":"reference","name":"NumberValueAccessor"},"multi":true},"NumberValueAccessor":{"__symbolic":"class","decorators":[{"__symbolic":"call","expression":{"__symbolic":"reference","name":"Directive","module":"@angular/core"},"arguments":[{"selector":"input[type=number][ngControl],input[type=number][ngFormControl],input[type=number][ngModel]","host":{"(change)":"onChange($event.target.value)","(input)":"onChange($event.target.value)","(blur)":"onTouched()"},"bindings":[{"__symbolic":"reference","name":"NUMBER_VALUE_ACCESSOR"}]}]}],"members":{"__ctor__":[{"__symbolic":"constructor","parameters":[{"__symbolic":"reference","name":"Renderer","module":"@angular/core"},{"__symbolic":"reference","name":"ElementRef","module":"@angular/core"}]}]}}}}