{"__symbolic":"module","metadata":{"RADIO_VALUE_ACCESSOR":{"provide":{"__symbolic":"reference","name":"NG_VALUE_ACCESSOR","module":"./control_value_accessor"},"useExisting":{"__symbolic":"reference","name":"RadioControlValueAccessor"},"multi":true},"RadioControlRegistry":{"__symbolic":"class","decorators":[{"__symbolic":"call","expression":{"__symbolic":"reference","name":"Injectable","module":"@angular/core"}}]},"RadioControlValueAccessor":{"__symbolic":"class","decorators":[{"__symbolic":"call","expression":{"__symbolic":"reference","name":"Directive","module":"@angular/core"},"arguments":[{"selector":"input[type=radio][ngControl],input[type=radio][ngFormControl],input[type=radio][ngModel]","host":{"(change)":"onChange()","(blur)":"onTouched()"},"providers":[{"__symbolic":"reference","name":"RADIO_VALUE_ACCESSOR"}]}]}],"members":{"name":[{"__symbolic":"property","decorators":[{"__symbolic":"call","expression":{"__symbolic":"reference","name":"Input","module":"@angular/core"}}]}],"__ctor__":[{"__symbolic":"constructor","parameters":[{"__symbolic":"reference","name":"Renderer","module":"@angular/core"},{"__symbolic":"reference","name":"ElementRef","module":"@angular/core"},{"__symbolic":"reference","name":"RadioControlRegistry"},{"__symbolic":"reference","name":"Injector","module":"@angular/core"}]}]}}}}