{"__symbolic":"module","metadata":{"SELECT_VALUE_ACCESSOR":{"provide":{"__symbolic":"reference","name":"NG_VALUE_ACCESSOR","module":"./control_value_accessor"},"useExisting":{"__symbolic":"reference","name":"SelectControlValueAccessor"},"multi":true},"SelectControlValueAccessor":{"__symbolic":"class","decorators":[{"__symbolic":"call","expression":{"__symbolic":"reference","name":"Directive","module":"@angular/core"},"arguments":[{"selector":"select[ngControl],select[ngFormControl],select[ngModel]","host":{"(change)":"onChange($event.target.value)","(blur)":"onTouched()"},"providers":[{"__symbolic":"reference","name":"SELECT_VALUE_ACCESSOR"}]}]}],"members":{"__ctor__":[{"__symbolic":"constructor","parameters":[{"__symbolic":"reference","name":"Renderer","module":"@angular/core"},{"__symbolic":"reference","name":"ElementRef","module":"@angular/core"}]}]}},"NgSelectOption":{"__symbolic":"class","decorators":[{"__symbolic":"call","expression":{"__symbolic":"reference","name":"Directive","module":"@angular/core"},"arguments":[{"selector":"option"}]}],"members":{"__ctor__":[{"__symbolic":"constructor","parameterDecorators":[null,null,[{"__symbolic":"call","expression":{"__symbolic":"reference","name":"Optional","module":"@angular/core"}},{"__symbolic":"call","expression":{"__symbolic":"reference","name":"Host","module":"@angular/core"}}]],"parameters":[{"__symbolic":"reference","name":"ElementRef","module":"@angular/core"},{"__symbolic":"reference","name":"Renderer","module":"@angular/core"},{"__symbolic":"reference","name":"SelectControlValueAccessor"}]}],"ngValue":[{"__symbolic":"property","decorators":[{"__symbolic":"call","expression":{"__symbolic":"reference","name":"Input","module":"@angular/core"},"arguments":["ngValue"]}]}],"value":[{"__symbolic":"property","decorators":[{"__symbolic":"call","expression":{"__symbolic":"reference","name":"Input","module":"@angular/core"},"arguments":["value"]}]}]}}}}