{"__symbolic":"module","metadata":{"REQUIRED_VALIDATOR":{"provide":{"__symbolic":"reference","name":"NG_VALIDATORS","module":"../validators"},"useValue":{"__symbolic":"reference","name":"REQUIRED"},"multi":true},"RequiredValidator":{"__symbolic":"class","decorators":[{"__symbolic":"call","expression":{"__symbolic":"reference","name":"Directive","module":"@angular/core"},"arguments":[{"selector":"[required][ngControl],[required][ngFormControl],[required][ngModel]","providers":[{"__symbolic":"reference","name":"REQUIRED_VALIDATOR"}]}]}]},"MIN_LENGTH_VALIDATOR":{"provide":{"__symbolic":"reference","name":"NG_VALIDATORS","module":"../validators"},"useExisting":{"__symbolic":"reference","name":"MinLengthValidator"},"multi":true},"MinLengthValidator":{"__symbolic":"class","decorators":[{"__symbolic":"call","expression":{"__symbolic":"reference","name":"Directive","module":"@angular/core"},"arguments":[{"selector":"[minlength][ngControl],[minlength][ngFormControl],[minlength][ngModel]","providers":[{"__symbolic":"reference","name":"MIN_LENGTH_VALIDATOR"}]}]}],"members":{"__ctor__":[{"__symbolic":"constructor","parameterDecorators":[[{"__symbolic":"call","expression":{"__symbolic":"reference","name":"Attribute","module":"@angular/core"},"arguments":["minlength"]}]],"parameters":[null]}]}},"MAX_LENGTH_VALIDATOR":{"provide":{"__symbolic":"reference","name":"NG_VALIDATORS","module":"../validators"},"useExisting":{"__symbolic":"reference","name":"MaxLengthValidator"},"multi":true},"MaxLengthValidator":{"__symbolic":"class","decorators":[{"__symbolic":"call","expression":{"__symbolic":"reference","name":"Directive","module":"@angular/core"},"arguments":[{"selector":"[maxlength][ngControl],[maxlength][ngFormControl],[maxlength][ngModel]","providers":[{"__symbolic":"reference","name":"MAX_LENGTH_VALIDATOR"}]}]}],"members":{"__ctor__":[{"__symbolic":"constructor","parameterDecorators":[[{"__symbolic":"call","expression":{"__symbolic":"reference","name":"Attribute","module":"@angular/core"},"arguments":["maxlength"]}]],"parameters":[null]}]}},"PATTERN_VALIDATOR":{"provide":{"__symbolic":"reference","name":"NG_VALIDATORS","module":"../validators"},"useExisting":{"__symbolic":"reference","name":"PatternValidator"},"multi":true},"PatternValidator":{"__symbolic":"class","decorators":[{"__symbolic":"call","expression":{"__symbolic":"reference","name":"Directive","module":"@angular/core"},"arguments":[{"selector":"[pattern][ngControl],[pattern][ngFormControl],[pattern][ngModel]","providers":[{"__symbolic":"reference","name":"PATTERN_VALIDATOR"}]}]}],"members":{"__ctor__":[{"__symbolic":"constructor","parameterDecorators":[[{"__symbolic":"call","expression":{"__symbolic":"reference","name":"Attribute","module":"@angular/core"},"arguments":["pattern"]}]],"parameters":[null]}]}}}}