{"__symbolic":"module","metadata":{"isDefaultChangeDetectionStrategy":{"__symbolic":"select","expression":{"__symbolic":"reference","name":"___core_private__","module":"@angular/core"},"member":"isDefaultChangeDetectionStrategy"},"ChangeDetectorState":{"__symbolic":"select","expression":{"__symbolic":"reference","name":"___core_private__","module":"@angular/core"},"member":"ChangeDetectorState"},"CHANGE_DETECTION_STRATEGY_VALUES":{"__symbolic":"select","expression":{"__symbolic":"reference","name":"___core_private__","module":"@angular/core"},"member":"CHANGE_DETECTION_STRATEGY_VALUES"},"constructDependencies":{"__symbolic":"select","expression":{"__symbolic":"reference","name":"___core_private__","module":"@angular/core"},"member":"constructDependencies"},"LifecycleHooks":{"__symbolic":"select","expression":{"__symbolic":"reference","name":"___core_private__","module":"@angular/core"},"member":"LifecycleHooks"},"LIFECYCLE_HOOKS_VALUES":{"__symbolic":"select","expression":{"__symbolic":"reference","name":"___core_private__","module":"@angular/core"},"member":"LIFECYCLE_HOOKS_VALUES"},"ReflectorReader":{"__symbolic":"select","expression":{"__symbolic":"reference","name":"___core_private__","module":"@angular/core"},"member":"ReflectorReader"},"ReflectorComponentResolver":{"__symbolic":"select","expression":{"__symbolic":"reference","name":"___core_private__","module":"@angular/core"},"member":"ReflectorComponentResolver"},"AppElement":{"__symbolic":"select","expression":{"__symbolic":"reference","name":"___core_private__","module":"@angular/core"},"member":"AppElement"},"AppView":{"__symbolic":"select","expression":{"__symbolic":"reference","name":"___core_private__","module":"@angular/core"},"member":"AppView"},"DebugAppView":{"__symbolic":"select","expression":{"__symbolic":"reference","name":"___core_private__","module":"@angular/core"},"member":"DebugAppView"},"ViewType":{"__symbolic":"select","expression":{"__symbolic":"reference","name":"___core_private__","module":"@angular/core"},"member":"ViewType"},"MAX_INTERPOLATION_VALUES":{"__symbolic":"select","expression":{"__symbolic":"reference","name":"___core_private__","module":"@angular/core"},"member":"MAX_INTERPOLATION_VALUES"},"checkBinding":{"__symbolic":"select","expression":{"__symbolic":"reference","name":"___core_private__","module":"@angular/core"},"member":"checkBinding"},"flattenNestedViewRenderNodes":{"__symbolic":"select","expression":{"__symbolic":"reference","name":"___core_private__","module":"@angular/core"},"member":"flattenNestedViewRenderNodes"},"interpolate":{"__symbolic":"select","expression":{"__symbolic":"reference","name":"___core_private__","module":"@angular/core"},"member":"interpolate"},"ViewUtils":{"__symbolic":"select","expression":{"__symbolic":"reference","name":"___core_private__","module":"@angular/core"},"member":"ViewUtils"},"VIEW_ENCAPSULATION_VALUES":{"__symbolic":"select","expression":{"__symbolic":"reference","name":"___core_private__","module":"@angular/core"},"member":"VIEW_ENCAPSULATION_VALUES"},"DebugContext":{"__symbolic":"select","expression":{"__symbolic":"reference","name":"___core_private__","module":"@angular/core"},"member":"DebugContext"},"StaticNodeDebugInfo":{"__symbolic":"select","expression":{"__symbolic":"reference","name":"___core_private__","module":"@angular/core"},"member":"StaticNodeDebugInfo"},"devModeEqual":{"__symbolic":"select","expression":{"__symbolic":"reference","name":"___core_private__","module":"@angular/core"},"member":"devModeEqual"},"uninitialized":{"__symbolic":"select","expression":{"__symbolic":"reference","name":"___core_private__","module":"@angular/core"},"member":"uninitialized"},"ValueUnwrapper":{"__symbolic":"select","expression":{"__symbolic":"reference","name":"___core_private__","module":"@angular/core"},"member":"ValueUnwrapper"},"TemplateRef_":{"__symbolic":"select","expression":{"__symbolic":"reference","name":"___core_private__","module":"@angular/core"},"member":"TemplateRef_"},"RenderDebugInfo":{"__symbolic":"select","expression":{"__symbolic":"reference","name":"___core_private__","module":"@angular/core"},"member":"RenderDebugInfo"},"SecurityContext":{"__symbolic":"select","expression":{"__symbolic":"reference","name":"___core_private__","module":"@angular/core"},"member":"SecurityContext"},"SanitizationService":{"__symbolic":"select","expression":{"__symbolic":"reference","name":"___core_private__","module":"@angular/core"},"member":"SanitizationService"},"createProvider":{"__symbolic":"select","expression":{"__symbolic":"reference","name":"___core_private__","module":"@angular/core"},"member":"createProvider"},"isProviderLiteral":{"__symbolic":"select","expression":{"__symbolic":"reference","name":"___core_private__","module":"@angular/core"},"member":"isProviderLiteral"},"EMPTY_ARRAY":{"__symbolic":"select","expression":{"__symbolic":"reference","name":"___core_private__","module":"@angular/core"},"member":"EMPTY_ARRAY"},"EMPTY_MAP":{"__symbolic":"select","expression":{"__symbolic":"reference","name":"___core_private__","module":"@angular/core"},"member":"EMPTY_MAP"},"pureProxy1":{"__symbolic":"select","expression":{"__symbolic":"reference","name":"___core_private__","module":"@angular/core"},"member":"pureProxy1"},"pureProxy2":{"__symbolic":"select","expression":{"__symbolic":"reference","name":"___core_private__","module":"@angular/core"},"member":"pureProxy2"},"pureProxy3":{"__symbolic":"select","expression":{"__symbolic":"reference","name":"___core_private__","module":"@angular/core"},"member":"pureProxy3"},"pureProxy4":{"__symbolic":"select","expression":{"__symbolic":"reference","name":"___core_private__","module":"@angular/core"},"member":"pureProxy4"},"pureProxy5":{"__symbolic":"select","expression":{"__symbolic":"reference","name":"___core_private__","module":"@angular/core"},"member":"pureProxy5"},"pureProxy6":{"__symbolic":"select","expression":{"__symbolic":"reference","name":"___core_private__","module":"@angular/core"},"member":"pureProxy6"},"pureProxy7":{"__symbolic":"select","expression":{"__symbolic":"reference","name":"___core_private__","module":"@angular/core"},"member":"pureProxy7"},"pureProxy8":{"__symbolic":"select","expression":{"__symbolic":"reference","name":"___core_private__","module":"@angular/core"},"member":"pureProxy8"},"pureProxy9":{"__symbolic":"select","expression":{"__symbolic":"reference","name":"___core_private__","module":"@angular/core"},"member":"pureProxy9"},"pureProxy10":{"__symbolic":"select","expression":{"__symbolic":"reference","name":"___core_private__","module":"@angular/core"},"member":"pureProxy10"},"castByValue":{"__symbolic":"select","expression":{"__symbolic":"reference","name":"___core_private__","module":"@angular/core"},"member":"castByValue"},"Console":{"__symbolic":"select","expression":{"__symbolic":"reference","name":"___core_private__","module":"@angular/core"},"member":"Console"}}}