{"__symbolic":"module","metadata":{"COMMON_PIPES":[{"__symbolic":"reference","name":"AsyncPipe","module":"./async_pipe"},{"__symbolic":"reference","name":"UpperCasePipe","module":"./uppercase_pipe"},{"__symbolic":"reference","name":"LowerCasePipe","module":"./lowercase_pipe"},{"__symbolic":"reference","name":"JsonPipe","module":"./json_pipe"},{"__symbolic":"reference","name":"SlicePipe","module":"./slice_pipe"},{"__symbolic":"reference","name":"DecimalPipe","module":"./number_pipe"},{"__symbolic":"reference","name":"PercentPipe","module":"./number_pipe"},{"__symbolic":"reference","name":"CurrencyPipe","module":"./number_pipe"},{"__symbolic":"reference","name":"DatePipe","module":"./date_pipe"},{"__symbolic":"reference","name":"ReplacePipe","module":"./replace_pipe"},{"__symbolic":"reference","name":"I18nPluralPipe","module":"./i18n_plural_pipe"},{"__symbolic":"reference","name":"I18nSelectPipe","module":"./i18n_select_pipe"}]}}