{"__symbolic":"module","metadata":{"NumberPipe":{"__symbolic":"class","decorators":[{"__symbolic":"call","expression":{"__symbolic":"reference","name":"Injectable","module":"@angular/core"}}]},"DecimalPipe":{"__symbolic":"class","decorators":[{"__symbolic":"call","expression":{"__symbolic":"reference","name":"Pipe","module":"@angular/core"},"arguments":[{"name":"number"}]},{"__symbolic":"call","expression":{"__symbolic":"reference","name":"Injectable","module":"@angular/core"}}]},"PercentPipe":{"__symbolic":"class","decorators":[{"__symbolic":"call","expression":{"__symbolic":"reference","name":"Pipe","module":"@angular/core"},"arguments":[{"name":"percent"}]},{"__symbolic":"call","expression":{"__symbolic":"reference","name":"Injectable","module":"@angular/core"}}]},"CurrencyPipe":{"__symbolic":"class","decorators":[{"__symbolic":"call","expression":{"__symbolic":"reference","name":"Pipe","module":"@angular/core"},"arguments":[{"name":"currency"}]},{"__symbolic":"call","expression":{"__symbolic":"reference","name":"Injectable","module":"@angular/core"}}]}}}