{"__symbolic":"module","metadata":{"DYNAMIC_TYPE":{"__symbolic":"new","expression":{"__symbolic":"reference","name":"BuiltinType"},"arguments":[{"__symbolic":"select","expression":{"__symbolic":"reference","name":"BuiltinTypeName"},"member":"Dynamic"}]},"BOOL_TYPE":{"__symbolic":"new","expression":{"__symbolic":"reference","name":"BuiltinType"},"arguments":[{"__symbolic":"select","expression":{"__symbolic":"reference","name":"BuiltinTypeName"},"member":"Bool"}]},"INT_TYPE":{"__symbolic":"new","expression":{"__symbolic":"reference","name":"BuiltinType"},"arguments":[{"__symbolic":"select","expression":{"__symbolic":"reference","name":"BuiltinTypeName"},"member":"Int"}]},"NUMBER_TYPE":{"__symbolic":"new","expression":{"__symbolic":"reference","name":"BuiltinType"},"arguments":[{"__symbolic":"select","expression":{"__symbolic":"reference","name":"BuiltinTypeName"},"member":"Number"}]},"STRING_TYPE":{"__symbolic":"new","expression":{"__symbolic":"reference","name":"BuiltinType"},"arguments":[{"__symbolic":"select","expression":{"__symbolic":"reference","name":"BuiltinTypeName"},"member":"String"}]},"FUNCTION_TYPE":{"__symbolic":"new","expression":{"__symbolic":"reference","name":"BuiltinType"},"arguments":[{"__symbolic":"select","expression":{"__symbolic":"reference","name":"BuiltinTypeName"},"member":"Function"}]},"THIS_EXPR":{"__symbolic":"new","expression":{"__symbolic":"reference","name":"ReadVarExpr"},"arguments":[{"__symbolic":"select","expression":{"__symbolic":"reference","name":"BuiltinVar"},"member":"This"}]},"SUPER_EXPR":{"__symbolic":"new","expression":{"__symbolic":"reference","name":"ReadVarExpr"},"arguments":[{"__symbolic":"select","expression":{"__symbolic":"reference","name":"BuiltinVar"},"member":"Super"}]},"CATCH_ERROR_VAR":{"__symbolic":"new","expression":{"__symbolic":"reference","name":"ReadVarExpr"},"arguments":[{"__symbolic":"select","expression":{"__symbolic":"reference","name":"BuiltinVar"},"member":"CatchError"}]},"CATCH_STACK_VAR":{"__symbolic":"new","expression":{"__symbolic":"reference","name":"ReadVarExpr"},"arguments":[{"__symbolic":"select","expression":{"__symbolic":"reference","name":"BuiltinVar"},"member":"CatchStack"}]},"NULL_EXPR":{"__symbolic":"new","expression":{"__symbolic":"reference","name":"LiteralExpr"},"arguments":[null,null]}}}