{"__symbolic":"module","metadata":{"CORE_DIRECTIVES":[{"__symbolic":"reference","name":"NgClass","module":"./ng_class"},{"__symbolic":"reference","name":"NgFor","module":"./ng_for"},{"__symbolic":"reference","name":"NgIf","module":"./ng_if"},{"__symbolic":"reference","name":"NgTemplateOutlet","module":"./ng_template_outlet"},{"__symbolic":"reference","name":"NgStyle","module":"./ng_style"},{"__symbolic":"reference","name":"NgSwitch","module":"./ng_switch"},{"__symbolic":"reference","name":"NgSwitchWhen","module":"./ng_switch"},{"__symbolic":"reference","name":"NgSwitchDefault","module":"./ng_switch"},{"__symbolic":"reference","name":"NgPlural","module":"./ng_plural"},{"__symbolic":"reference","name":"NgPluralCase","module":"./ng_plural"}]}}