{"__symbolic":"module","metadata":{"NgClass":{"__symbolic":"class","decorators":[{"__symbolic":"call","expression":{"__symbolic":"reference","name":"Directive","module":"@angular/core"},"arguments":[{"selector":"[ngClass]","inputs":["rawClass: ngClass","initialClasses: class"]}]}],"members":{"__ctor__":[{"__symbolic":"constructor","parameters":[{"__symbolic":"reference","name":"IterableDiffers","module":"@angular/core"},{"__symbolic":"reference","name":"KeyValueDiffers","module":"@angular/core"},{"__symbolic":"reference","name":"ElementRef","module":"@angular/core"},{"__symbolic":"reference","name":"Renderer","module":"@angular/core"}]}]}}}}