{"__symbolic":"module","metadata":{"NgFor":{"__symbolic":"class","decorators":[{"__symbolic":"call","expression":{"__symbolic":"reference","name":"Directive","module":"@angular/core"},"arguments":[{"selector":"[ngFor][ngForOf]","inputs":["ngForTrackBy","ngForOf","ngForTemplate"]}]}],"members":{"__ctor__":[{"__symbolic":"constructor","parameters":[{"__symbolic":"reference","name":"ViewContainerRef","module":"@angular/core"},{"__symbolic":"reference","name":"TemplateRef","module":"@angular/core"},{"__symbolic":"reference","name":"IterableDiffers","module":"@angular/core"},{"__symbolic":"reference","name":"ChangeDetectorRef","module":"@angular/core"}]}]}}}}