{"__symbolic":"module","metadata":{"NgPluralCase":{"__symbolic":"class","decorators":[{"__symbolic":"call","expression":{"__symbolic":"reference","name":"Directive","module":"@angular/core"},"arguments":[{"selector":"[ngPluralCase]"}]}],"members":{"__ctor__":[{"__symbolic":"constructor","parameterDecorators":[[{"__symbolic":"call","expression":{"__symbolic":"reference","name":"Attribute","module":"@angular/core"},"arguments":["ngPluralCase"]}],null,null],"parameters":[null,{"__symbolic":"reference","name":"TemplateRef","module":"@angular/core"},{"__symbolic":"reference","name":"ViewContainerRef","module":"@angular/core"}]}]}},"NgPlural":{"__symbolic":"class","decorators":[{"__symbolic":"call","expression":{"__symbolic":"reference","name":"Directive","module":"@angular/core"},"arguments":[{"selector":"[ngPlural]"}]}],"members":{"cases":[{"__symbolic":"property","decorators":[{"__symbolic":"call","expression":{"__symbolic":"reference","name":"ContentChildren","module":"@angular/core"},"arguments":[{"__symbolic":"reference","name":"NgPluralCase"}]}]}],"__ctor__":[{"__symbolic":"constructor","parameters":[{"__symbolic":"reference","name":"NgLocalization"}]}],"ngPlural":[{"__symbolic":"property","decorators":[{"__symbolic":"call","expression":{"__symbolic":"reference","name":"Input","module":"@angular/core"}}]}]}}}}