{"__symbolic":"module","metadata":{"NgSwitch":{"__symbolic":"class","decorators":[{"__symbolic":"call","expression":{"__symbolic":"reference","name":"Directive","module":"@angular/core"},"arguments":[{"selector":"[ngSwitch]","inputs":["ngSwitch"]}]}]},"NgSwitchWhen":{"__symbolic":"class","decorators":[{"__symbolic":"call","expression":{"__symbolic":"reference","name":"Directive","module":"@angular/core"},"arguments":[{"selector":"[ngSwitchWhen]","inputs":["ngSwitchWhen"]}]}],"members":{"__ctor__":[{"__symbolic":"constructor","parameterDecorators":[null,null,[{"__symbolic":"call","expression":{"__symbolic":"reference","name":"Host","module":"@angular/core"}}]],"parameters":[{"__symbolic":"reference","name":"ViewContainerRef","module":"@angular/core"},{"__symbolic":"reference","name":"TemplateRef","module":"@angular/core"},{"__symbolic":"reference","name":"NgSwitch"}]}]}},"NgSwitchDefault":{"__symbolic":"class","decorators":[{"__symbolic":"call","expression":{"__symbolic":"reference","name":"Directive","module":"@angular/core"},"arguments":[{"selector":"[ngSwitchDefault]"}]}],"members":{"__ctor__":[{"__symbolic":"constructor","parameterDecorators":[null,null,[{"__symbolic":"call","expression":{"__symbolic":"reference","name":"Host","module":"@angular/core"}}]],"parameters":[{"__symbolic":"reference","name":"ViewContainerRef","module":"@angular/core"},{"__symbolic":"reference","name":"TemplateRef","module":"@angular/core"},{"__symbolic":"reference","name":"NgSwitch"}]}]}}}}