{"__symbolic":"module","metadata":{"NgStyle":{"__symbolic":"class","decorators":[{"__symbolic":"call","expression":{"__symbolic":"reference","name":"Directive","module":"@angular/core"},"arguments":[{"selector":"[ngStyle]","inputs":["rawStyle: ngStyle"]}]}],"members":{"__ctor__":[{"__symbolic":"constructor","parameters":[{"__symbolic":"reference","name":"KeyValueDiffers","module":"@angular/core"},{"__symbolic":"reference","name":"ElementRef","module":"@angular/core"},{"__symbolic":"reference","name":"Renderer","module":"@angular/core"}]}]}}}}