{"__symbolic":"module","metadata":{"NgTemplateOutlet":{"__symbolic":"class","decorators":[{"__symbolic":"call","expression":{"__symbolic":"reference","name":"Directive","module":"@angular/core"},"arguments":[{"selector":"[ngTemplateOutlet]"}]}],"members":{"__ctor__":[{"__symbolic":"constructor","parameters":[{"__symbolic":"reference","name":"ViewContainerRef","module":"@angular/core"}]}],"ngTemplateOutlet":[{"__symbolic":"property","decorators":[{"__symbolic":"call","expression":{"__symbolic":"reference","name":"Input","module":"@angular/core"}}]}]}}}}