{"__symbolic":"module","metadata":{"PathLocationStrategy":{"__symbolic":"class","decorators":[{"__symbolic":"call","expression":{"__symbolic":"reference","name":"Injectable","module":"@angular/core"}}],"members":{"__ctor__":[{"__symbolic":"constructor","parameterDecorators":[null,[{"__symbolic":"call","expression":{"__symbolic":"reference","name":"Optional","module":"@angular/core"}},{"__symbolic":"call","expression":{"__symbolic":"reference","name":"Inject","module":"@angular/core"},"arguments":[{"__symbolic":"reference","name":"APP_BASE_HREF","module":"./location_strategy"}]}]],"parameters":[{"__symbolic":"reference","name":"PlatformLocation","module":"./platform_location"},null]}]}}}}